{"options":{"awareOfChrome":false,"check_for_updates":true,"comment":null,"compat_arrayleft":false,"compat_foreach":false,"compat_forvarin":false,"compat_metadata":false,"compat_uW_gmonkey":false,"compat_wrappedjsobject":false,"compatopts_for_requires":true,"noframes":null,"override":{"merge_connects":true,"merge_excludes":true,"merge_includes":true,"merge_matches":true,"orig_connects":["yun.baidu.com","pan.baidu.com","www.quzhuanpan.com","ypsuperkey.meek.com.cn"],"orig_excludes":[],"orig_includes":["*://**/*"],"orig_matches":[],"orig_noframes":null,"orig_run_at":"document-end","use_blockers":[],"use_connects":[],"use_excludes":[],"use_includes":[],"use_matches":[]},"run_at":null},"settings":{"enabled":true,"position":7},"meta":{"name":"百度网盘超级助手【提取码自动填写、资源全速下载、链接状态自动判断】","uuid":"0390fff8-9c67-4a64-a971-9656a3fa4290","modified":1566955235768,"file_url":"https://greasyfork.org/scripts/383501-%E7%99%BE%E5%BA%A6%E7%BD%91%E7%9B%98%E8%B6%85%E7%BA%A7%E5%8A%A9%E6%89%8B-%E6%8F%90%E5%8F%96%E7%A0%81%E8%87%AA%E5%8A%A8%E5%A1%AB%E5%86%99-%E8%B5%84%E6%BA%90%E5%85%A8%E9%80%9F%E4%B8%8B%E8%BD%BD-%E9%93%BE%E6%8E%A5%E7%8A%B6%E6%80%81%E8%87%AA%E5%8A%A8%E5%88%A4%E6%96%AD/code/%E7%99%BE%E5%BA%A6%E7%BD%91%E7%9B%98%E8%B6%85%E7%BA%A7%E5%8A%A9%E6%89%8B%E3%80%90%E6%8F%90%E5%8F%96%E7%A0%81%E8%87%AA%E5%8A%A8%E5%A1%AB%E5%86%99%E3%80%81%E8%B5%84%E6%BA%90%E5%85%A8%E9%80%9F%E4%B8%8B%E8%BD%BD%E3%80%81%E9%93%BE%E6%8E%A5%E7%8A%B6%E6%80%81%E8%87%AA%E5%8A%A8%E5%88%A4%E6%96%AD%E3%80%91.user.js"}}